{"spot_diameter_fullres": 89.4269181032894, "tissue_hires_scalef": 0.150015, "fiducial_diameter_fullres": 144.45886770531362, "tissue_lowres_scalef": 0.045004502}